ProjectID   , Prj1234,
ProjectName , PrjofMissdfds sdfsdfdd sdfdsfsfs,
vvvid, aud1, bwn2, abc3, xyg4, 
dddid, dp1, da2, da3, da4,
Qtype  , Question                       , Atype , A   , A   , A   , A   , A   , A   , A   , A   , A   , A   , A   , A   , A   , A   , A   , A   , R , R , R , R , R , R , R , R , R , R , R , R , R , R , R , R ,
Q1      , 10Hfsdfsdfsdfsdfsdfsdfjce        , B     , 1.5 , 2.0 , 2.0 , 7.5 , 7.0 , 2.5 , 7.0 , 7.5 , 2.5 , 7.0 , 2.5 , 7.0 , 7.5 , 7.0 , 7.0 , 2.5 ,   ,   ,   ,   ,   ,   ,   ,   ,   ,   ,   ,   ,   ,   ,   ,   ,
SQ1     , 11Comsfdsfsdfsdfsdfsdfsdfsdfance , B     , 1.5 , 2.0 , 2.0 , 7.5 , 7.0 , 2.5 , 7.0 , 7.5 , 2.5 , 7.0 , 2.5 , 7.0 , 7.5 , 7.0 , 7.0 , 2.5 ,   ,   ,   ,   ,   ,   ,   ,   ,   ,   ,   ,   ,   ,   ,   ,   ,
SQ2     , 12Sesfsdfsdfsdfsfy fdfdity       , B     , 1.5 , 2.0 , 2.0 , 7.5 , 7.0 , 2.5 , 7.0 , 7.5 , 2.5 , 7.0 , 2.5 , 7.0 , 7.5 , 7.0 , 7.0 , 2.5 ,   ,   ,   ,   ,   ,   ,   ,   ,   ,   ,   ,   ,   ,   ,   ,   ,
SQ3     , 13Hsdfdsfsdng sdfsdfofsdf        , B     , 1.5 , 2.0 , 2.0 , 7.5 , 7.0 , 2.5 , 7.0 , 7.5 , 2.5 , 7.0 , 2.5 , 7.0 , 7.5 , 7.0 , 7.0 , 2.5 ,   ,   ,   ,   ,   ,   ,   ,   ,   ,   ,   ,   ,   ,   ,   ,   ,
SQ4     , 14Resfsdfsdfle hands off         , B     , 1.5 , 2.0 , 2.0 , 7.5 , 7.0 , 2.5 , 7.0 , 7.5 , 2.5 , 7.0 , 2.5 , 7.0 , 7.5 , 7.0 , 7.0 , 2.5 ,   ,   ,   ,   ,   ,   ,   ,   ,   ,   ,   ,   ,   ,   ,   ,   ,
Q2      , 20Guiwerew Qerwety               , B     , 1.5 , 2.0 , 2.0 , 7.5 , 7.0 , 2.5 , 7.0 , 7.5 , 2.5 , 7.0 , 2.5 , 7.0 , 7.5 , 7.0 , 7.0 , 2.5 ,   ,   ,   ,   ,   ,   ,   ,   ,   ,   ,   ,   ,   ,   ,   ,   ,
SQ1       , 11Driewrg lewrw                  , B     , 1.5 , 2.0 , 2.0 , 7.5 , 7.0 , 2.5 , 7.0 , 7.5 , 2.5 , 7.0 , 2.5 , 7.0 , 7.5 , 7.0 , 7.0 , 2.5 ,   ,   ,   ,   ,   ,   ,   ,   ,   ,   ,   ,   ,   ,   ,   ,   ,
SQ2       , 12Trerew rerewion                , B     , 1.5 , 2.0 , 2.0 , 7.5 , 7.0 , 2.5 , 7.0 , 7.5 , 2.5 , 7.0 , 2.5 , 7.0 , 7.5 , 7.0 , 7.0 , 2.5 ,   ,   ,   ,   ,   ,   ,   ,   ,   ,   ,   ,   ,   ,   ,   ,   ,
SQ3       , 13Sewr shwer srweronary          , B     , 1.5 , 2.0 , 2.0 , 7.5 , 7.0 , 2.5 , 7.0 , 7.5 , 2.5 , 7.0 , 2.5 , 7.0 , 7.5 , 7.0 , 7.0 , 2.5 ,   ,   ,   ,   ,   ,   ,   ,   ,   ,   ,   ,   ,   ,   ,   ,   ,
SQ4       , 14Driwer- erwerte                , B     , 1.5 , 2.0 , 2.0 , 7.5 , 7.0 , 2.5 , 7.0 , 7.5 , 2.5 , 7.0 , 2.5 , 7.0 , 7.5 , 7.0 , 7.0 , 2.5 ,   ,   ,   ,   ,   ,   ,   ,   ,   ,   ,   ,   ,   ,   ,   ,   ,
Q3      , 30Ewee Guwee                     , B     , 1.5 , 2.0 , 2.0 , 7.5 , 7.0 , 2.5 , 7.0 , 7.5 , 2.5 , 7.0 , 2.5 , 7.0 , 7.5 , 7.0 , 7.0 , 2.5 ,   ,   ,   ,   ,   ,   ,   ,   ,   ,   ,   ,   ,   ,   ,   ,   ,
SQ1       , 11Rewerwerd cweredor             , B     , 1.5 , 2.0 , 2.0 , 7.5 , 7.0 , 2.5 , 7.0 , 7.5 , 2.5 , 7.0 , 2.5 , 7.0 , 7.5 , 7.0 , 7.0 , 2.5 ,   ,   ,   ,   ,   ,   ,   ,   ,   ,   ,   ,   ,   ,   ,   ,   ,
SQ2       , 12Stwer lrwe berweary            , B     , 1.5 , 2.0 , 2.0 , 7.5 , 7.0 , 2.5 , 7.0 , 7.5 , 2.5 , 7.0 , 2.5 , 7.0 , 7.5 , 7.0 , 7.0 , 2.5 ,   ,   ,   ,   ,   ,   ,   ,   ,   ,   ,   ,   ,   ,   ,   ,   ,
SQ3       , 13Filing posdfion                , B     , 1.5 , 2.0 , 2.0 , 7.5 , 7.0 , 2.5 , 7.0 , 7.5 , 2.5 , 7.0 , 2.5 , 7.0 , 7.5 , 7.0 , 7.0 , 2.5 ,   ,   ,   ,   ,   ,   ,   ,   ,   ,   ,   ,   ,   ,   ,   ,   ,
SQ4       , 13Max tghjk oghrrun              , B     , 1.5 , 2.0 , 2.0 , 7.5 , 7.0 , 2.5 , 7.0 , 7.5 , 2.5 , 7.0 , 2.5 , 7.0 , 7.5 , 7.0 , 7.0 , 2.5 ,   ,   ,   ,   ,   ,   ,   ,   ,   ,   ,   ,   ,   ,   ,   ,   ,
4      , 40Vegjhle fgjction               , B     , 1.5 , 2.0 , 2.0 , 7.5 , 7.0 , 2.5 , 7.0 , 7.5 , 2.5 , 7.0 , 2.5 , 7.0 , 7.5 , 7.0 , 7.0 , 2.5 ,   ,   ,   ,   ,   ,   ,   ,   ,   ,   ,   ,   ,   ,   ,   ,   ,
SQ1       , 11Yghj                           , B     , 1.5 , 2.0 , 2.0 , 7.5 , 7.0 , 2.5 , 7.0 , 7.5 , 2.5 , 7.0 , 2.5 , 7.0 , 7.5 , 7.0 , 7.0 , 2.5 ,   ,   ,   ,   ,   ,   ,   ,   ,   ,   ,   ,   ,   ,   ,   ,   ,
SQ2       , 12Lateghj aghjleration           , B     , 1.5 , 2.0 , 2.0 , 7.5 , 7.0 , 2.5 , 7.0 , 7.5 , 2.5 , 7.0 , 2.5 , 7.0 , 7.5 , 7.0 , 7.0 , 2.5 ,   ,   ,   ,   ,   ,   ,   ,   ,   ,   ,   ,   ,   ,   ,   ,   ,
SQ3       , 13Jegh                           , B     , 1.5 , 2.0 , 2.0 , 7.5 , 7.0 , 2.5 , 7.0 , 7.5 , 2.5 , 7.0 , 2.5 , 7.0 , 7.5 , 7.0 , 7.0 , 2.5 ,   ,   ,   ,   ,   ,   ,   ,   ,   ,   ,   ,   ,   ,   ,   ,   ,
SQ4       , 14Longhgjdinal achgjeration      , B     , 1.5 , 2.0 , 2.0 , 7.5 , 7.0 , 2.5 , 7.0 , 7.5 , 2.5 , 7.0 , 2.5 , 7.0 , 7.5 , 7.0 , 7.0 , 2.5 ,   ,   ,   ,   ,   ,   ,   ,   ,   ,   ,   ,   ,   ,   ,   ,   ,
5      , 50ghjver inhjraction             , B     , 1.5 , 2.0 , 2.0 , 7.5 , 7.0 , 2.5 , 7.0 , 7.5 , 2.5 , 7.0 , 2.5 , 7.0 , 7.5 , 7.0 , 7.0 , 2.5 ,   ,   ,   ,   ,   ,   ,   ,   ,   ,   ,   ,   ,   ,   ,   ,   ,
SQ1       , 11Midghj-rhgje shgjring fhgj     , B     , 1.5 , 2.0 , 2.0 , 7.5 , 7.0 , 2.5 , 7.0 , 7.5 , 2.5 , 7.0 , 2.5 , 7.0 , 7.5 , 7.0 , 7.0 , 2.5 ,   ,   ,   ,   ,   ,   ,   ,   ,   ,   ,   ,   ,   ,   ,   ,   ,
SQ2       , 12Wghh ahj ajhinst               , B     , 1.5 , 2.0 , 2.0 , 7.5 , 7.0 , 2.5 , 7.0 , 7.5 , 2.5 , 7.0 , 2.5 , 7.0 , 7.5 , 7.0 , 7.0 , 2.5 ,   ,   ,   ,   ,   ,   ,   ,   ,   ,   ,   ,   ,   ,   ,   ,   ,
SQ3       , 13Engahgjent shgjngth            , B     , 1.5 , 2.0 , 2.0 , 7.5 , 7.0 , 2.5 , 7.0 , 7.5 , 2.5 , 7.0 , 2.5 , 7.0 , 7.5 , 7.0 , 7.0 , 2.5 ,   ,   ,   ,   ,   ,   ,   ,   ,   ,   ,   ,   ,   ,   ,   ,   ,
SQ4       , 14Haghjny Stghjhng Cghjghjion    , B     , 1.5 , 2.0 , 2.0 , 7.5 , 7.0 , 2.5 , 7.0 , 7.5 , 2.5 , 7.0 , 2.5 , 7.0 , 7.5 , 7.0 , 7.0 , 2.5 ,   ,   ,   ,   ,   ,   ,   ,   ,   ,   ,   ,   ,   ,   ,   ,   ,
6      , 50Avghjhgjlity                   , B     , 1.5 , 2.0 , 2.0 , 7.5 , 7.0 , 2.5 , 7.0 , 7.5 , 2.5 , 7.0 , 2.5 , 7.0 , 7.5 , 7.0 , 7.0 , 2.5 ,   ,   ,   ,   ,   ,   ,   ,   ,   ,   ,   ,   ,   ,   ,   ,   ,
SQ1       , 11Syhgjghjighjs                  , B     , 1.5 , 2.0 , 2.0 , 7.5 , 7.0 , 2.5 , 7.0 , 7.5 , 2.5 , 7.0 , 2.5 , 7.0 , 7.5 , 7.0 , 7.0 , 2.5 ,   ,   ,   ,   ,   ,   ,   ,   ,   ,   ,   ,   ,   ,   ,   ,   ,
SQ2       , 12Sejhling tghj                  , B     , 1.5 , 2.0 , 2.0 , 7.5 , 7.0 , 2.5 , 7.0 , 7.5 , 2.5 , 7.0 , 2.5 , 7.0 , 7.5 , 7.0 , 7.0 , 2.5 ,   ,   ,   ,   ,   ,   ,   ,   ,   ,   ,   ,   ,   ,   ,   ,   ,
SQ3       , 13Laghjdetghjhgj ghjhgty         , B     , 1.5 , 2.0 , 2.0 , 7.5 , 7.0 , 2.5 , 7.0 , 7.5 , 2.5 , 7.0 , 2.5 , 7.0 , 7.5 , 7.0 , 7.0 , 2.5 ,   ,   ,   ,   ,   ,   ,   ,   ,   ,   ,   ,   ,   ,   ,   ,   ,
SQ4       , 14Enghjonmental coghjtions       , B     , 1.5 , 2.0 , 2.0 , 7.5 , 7.0 , 2.5 , 7.0 , 7.5 , 2.5 , 7.0 , 2.5 , 7.0 , 7.5 , 7.0 , 7.0 , 2.5 ,   ,   ,   ,   ,   ,   ,   ,   ,   ,   ,   ,   ,   ,   ,   ,   ,
7      , 70Fehgjng ohjSjhurity            , B     , 1.5 , 2.0 , 2.0 , 7.5 , 7.0 , 2.5 , 7.0 , 7.5 , 2.5 , 7.0 , 2.5 , 7.0 , 7.5 , 7.0 , 7.0 , 2.5 ,   ,   ,   ,   ,   ,   ,   ,   ,   ,   ,   ,   ,   ,   ,   ,   ,
SQ1       , 11Appghjch lghj bohgjary.        , B     , 1.5 , 2.0 , 2.0 , 7.5 , 7.0 , 2.5 , 7.0 , 7.5 , 2.5 , 7.0 , 2.5 , 7.0 , 7.5 , 7.0 , 7.0 , 2.5 ,   ,   ,   ,   ,   ,   ,   ,   ,   ,   ,   ,   ,   ,   ,   ,   ,
SQ2       , 12Reghjhjlity (drohgjhg ohj)     , B     , 1.5 , 2.0 , 2.0 , 7.5 , 7.0 , 2.5 , 7.0 , 7.5 , 2.5 , 7.0 , 2.5 , 7.0 , 7.5 , 7.0 , 7.0 , 2.5 ,   ,   ,   ,   ,   ,   ,   ,   ,   ,   ,   ,   ,   ,   ,   ,   ,
SQ3       , 13Prghjhgability                 , B     , 1.5 , 2.0 , 2.0 , 7.5 , 7.0 , 2.5 , 7.0 , 7.5 , 2.5 , 7.0 , 2.5 , 7.0 , 7.5 , 7.0 , 7.0 , 2.5 ,   ,   ,   ,   ,   ,   ,   ,   ,   ,   ,   ,   ,   ,   ,   ,   ,
SQ4       , 14Hhgjghjr bghjvior              , B     , 1.5 , 2.0 , 2.0 , 7.5 , 7.0 , 2.5 , 7.0 , 7.5 , 2.5 , 7.0 , 2.5 , 7.0 , 7.5 , 7.0 , 7.0 , 2.5 ,   ,   ,   ,   ,   ,   ,   ,   ,   ,   ,   ,   ,   ,   ,   ,   ,
8      , 80Deghgj of Rhjief               , B     , 1.5 , 2.0 , 2.0 , 7.5 , 7.0 , 2.5 , 7.0 , 7.5 , 2.5 , 7.0 , 2.5 , 7.0 , 7.5 , 7.0 , 7.0 , 2.5 ,   ,   ,   ,   ,   ,   ,   ,   ,   ,   ,   ,   ,   ,   ,   ,   ,
SQ1       , 11Stejhing efghjt                , B     , 1.5 , 2.0 , 2.0 , 7.5 , 7.0 , 2.5 , 7.0 , 7.5 , 2.5 , 7.0 , 2.5 , 7.0 , 7.5 , 7.0 , 7.0 , 2.5 ,   ,   ,   ,   ,   ,   ,   ,   ,   ,   ,   ,   ,   ,   ,   ,   ,
SQ2       , 12Coghjjgion eghjrt              , B     , 1.5 , 2.0 , 2.0 , 7.5 , 7.0 , 2.5 , 7.0 , 7.5 , 2.5 , 7.0 , 2.5 , 7.0 , 7.5 , 7.0 , 7.0 , 2.5 ,   ,   ,   ,   ,   ,   ,   ,   ,   ,   ,   ,   ,   ,   ,   ,   ,
SQ3       , 13Rhgjgjhlity                    , B     , 1.5 , 2.0 , 2.0 , 7.5 , 7.0 , 2.5 , 7.0 , 7.5 , 2.5 , 7.0 , 2.5 , 7.0 , 7.5 , 7.0 , 7.0 , 2.5 ,   ,   ,   ,   ,   ,   ,   ,   ,   ,   ,   ,   ,   ,   ,   ,   ,
SQ4       , 14Hanghjhg bgjhghor              , B     , 1.5 , 2.0 , 2.0 , 7.5 , 7.0 , 2.5 , 7.0 , 7.5 , 2.5 , 7.0 , 2.5 , 7.0 , 7.5 , 7.0 , 7.0 , 2.5 ,   ,   ,   ,   ,   ,   ,   ,   ,   ,   ,   ,   ,   ,   ,   ,   ,
vvv#, 4,
ddd#, 4,
QACols, number of columns for Q&A = 3 + (vehicles x drivers x 2), 
QAIndexVeh, If selected V1 => jump of veh max value for all V1 values. [Vn x Vmax]
QAIndexDriver, If selected D2 => the second set of vmax data. [Dn x Dmax] 
Remarks, m: modified; c:color; n:notes; p:picture; a:audio; v:video; Sperated by ;
